timestamp,run_name,script,event,step,epoch,peak_mem_alloc_gb,peak_mem_reserved_gb,elapsed_s,notes
2026-10-02T00:08:47+00:00,sft_v1,train_sft.py,step,10,0.47,2.716,7.768,28.3,
2026-10-02T00:09:11+00:00,sft_v1,train_sft.py,step,20,0.94,2.794,11.201,51.5,
2026-10-02T00:09:33+00:00,sft_v1,train_sft.py,step,30,1.38,2.794,11.201,74.4,
2026-10-02T00:09:57+00:00,sft_v1,train_sft.py,step,40,1.85,2.794,11.201,97.5,
2026-10-02T00:10:19+00:00,sft_v1,train_sft.py,step,50,2.28,2.794,11.201,119.6,
2026-10-02T00:10:41+00:00,sft_v1,train_sft.py,step,60,2.75,2.794,11.201,142.1,
2026-10-02T00:10:55+00:00,sft_v1,train_sft.py,train_end,66,3.00,2.794,11.201,155.6,"{""config"": {""run_name"": ""sft_v1"", ""epochs"": 3, ""lr"": 0.0002, ""batch_size"": 4, ""grad_accum"": 4, ""warmup"": 0.05, ""max_length"": 256, ""lora"": {""r"": 16, ""alpha"": 32, ""dropout"": 0.05, ""targets"": ""q,k,v,o""}, ""quant"": ""nf4+double_quant""}, ""train_loss"": 0.3421, ""val_loss_by_epoch"": [[0, 0.7953], [1.0, 0.3998], [2.0, 0.3095], [3.0, 0.2971]], ""steps"": 66}"
2026-10-02T00:12:45+00:00,oom_test,train_sft.py,oom,0,,12.915,14.166,11.9,"{""config"": {""run_name"": ""oom_test"", ""epochs"": 1.0, ""lr"": 0.0002, ""batch_size"": 340, ""grad_accum"": 1, ""warmup"": 0.05, ""max_length"": 256, ""lora"": {""r"": 16, ""alpha"": 32, ""dropout"": 0.05, ""targets"": ""q,k,v,o""}, ""quant"": ""nf4+double_quant""}, ""error"": ""CUDA out of memory. Tried to allocate 24.44 GiB. GPU 0 has a total capacity of 14.56 GiB of which 4.97 GiB is free. Including non-PyTorch memory, this process has 9.59 GiB memory in use. Of the allocated memory 8.62 GiB is allocated by PyTorch, and 867.51 MiB is reserved by PyTorch but unallocated. ""}"
2026-10-02T00:23:51+00:00,dpo_v1,train_dpo.py,step,10,0.53,3.506,11.947,19.0,"{""loss"": 0.4787, ""rewards/margins"": 0.6951, ""rewards/accuracies"": 0.9375, ""rewards/chosen"": -0.0291, ""rewards/rejected"": -0.7242}"
2026-10-02T00:24:05+00:00,dpo_v1,train_dpo.py,step,20,1.05,3.739,13.213,33.2,"{""loss"": 0.1143, ""rewards/margins"": 3.057, ""rewards/accuracies"": 1.0, ""rewards/chosen"": -0.3828, ""rewards/rejected"": -3.4398}"
2026-10-02T00:24:18+00:00,dpo_v1,train_dpo.py,step,30,1.58,3.739,13.213,46.2,"{""loss"": 0.0419, ""rewards/margins"": 4.3886, ""rewards/accuracies"": 1.0, ""rewards/chosen"": -0.8453, ""rewards/rejected"": -5.2338}"
2026-10-02T00:24:29+00:00,dpo_v1,train_dpo.py,step,38,2.00,3.739,13.213,57.7,"{""rewards/margins"": 4.7313, ""rewards/accuracies"": 1.0, ""rewards/chosen"": -0.7262, ""rewards/rejected"": -5.4576}"
2026-10-02T00:24:29+00:00,dpo_v1,train_dpo.py,train_end,38,2.00,3.739,13.213,57.8,"{""config"": {""run_name"": ""dpo_v1"", ""sft_adapter"": ""sft_v1"", ""beta"": 0.1, ""lr"": 2e-05, ""epochs"": 2, ""batch_size"": 4, ""grad_accum"": 2, ""n_pairs"": 150, ""reference"": ""frozen copy of sft_v1""}, ""train_loss"": 0.1745, ""steps"": 38}"
2026-10-02T00:35:10+00:00,dpo_v2,train_dpo.py,step,10,0.53,3.412,7.961,20.3,"{""loss"": 0.5617, ""rewards/margins"": 0.3485, ""rewards/accuracies"": 0.7875, ""rewards/chosen"": -0.0266, ""rewards/rejected"": -0.375}"
2026-10-02T00:35:12+00:00,dpo_v2,train_dpo.py,eval,10,0.53,3.419,12.629,22.0,"{""split"": ""val"", ""loss"": 0.324, ""rewards/accuracies"": 0.95, ""rewards/margins"": 1.2057}"
2026-10-02T00:35:27+00:00,dpo_v2,train_dpo.py,eval,19,1.00,3.686,13.875,36.6,"{""split"": ""val"", ""loss"": 0.2681, ""rewards/accuracies"": 0.9, ""rewards/margins"": 1.5395}"
2026-10-02T00:35:29+00:00,dpo_v2,train_dpo.py,eval,19,1.00,3.686,13.875,38.4,"{""split"": ""val"", ""loss"": 0.2681, ""rewards/accuracies"": 0.9, ""rewards/margins"": 1.5395}"
2026-10-02T00:35:29+00:00,dpo_v2,train_dpo.py,train_end,19,1.00,3.686,13.875,38.5,"{""config"": {""run_name"": ""dpo_v2"", ""sft_adapter"": ""sft_v1"", ""beta"": 0.5, ""lr"": 5e-06, ""epochs"": 1.0, ""batch_size"": 4, ""grad_accum"": 2, ""n_pairs"": 150, ""train_file"": ""preference_v2_train.jsonl"", ""val_file"": ""preference_v2_val.jsonl"", ""n_val_pairs"": 20, ""reference"": ""frozen copy of sft_v1""}, ""train_loss"": 0.4194, ""steps"": 19}"
